51,327,400SN39173,000000,966217823,CPU - Bodg50-9051-900-0017 GMR ESC   ,Salón Sputnik,Compumax Computer ,Campuslands,0,#N/A
52,327,COM2024CM21070723,000000,966217823,Monitor - Bodg50-9051-900-0017 GMR ESC   ,Salón Sputnik,Compumax Computer ,Campuslands,0,#N/A
53,327,KBM130091706,000000,966217823,Teclado - Bodg50-9051-900-0017 GMR ESC   ,Salón Sputnik,Compumax Computer ,Campuslands,0,#N/A
54,327,Sin serial ,000000,966217823,Mouse - Bodg50-9051-900-0017 GMR ESC   ,Salón Sputnik,Compumax Computer ,Campuslands,0,#N/A
55,327,400SN39208,000000,966217823,CPU - Bodg50-9051-900-0017 GMR ESC   ,Salón Sputnik,Compumax Computer ,Campuslands,0,#N/A
56,327,COM2024CM21070880,000000,966217823,Monitor - Bodg50-9051-900-0017 GMR ESC   ,Salón Sputnik,Compumax Computer ,Campuslands,0,#N/A
57,327,KBM130090718,000000,966217823,Teclado - Bodg50-9051-900-0017 GMR ESC   ,Salón Sputnik,Compumax Computer ,Campuslands,0,#N/A
58,327,Sin serial ,000000,966217823,Mouse - Bodg50-9051-900-0017 GMR ESC   ,Salón Sputnik,Compumax Computer ,Campuslands,0,#N/A
59,327,400SN39182,000000,966217823,CPU - Bodg50-9051-900-0017 GMR ESC   ,Salón Sputnik,Compumax Computer ,Campuslands,0,#N/A
60,327,COM2024CM21070018,000000,966217823,Monitor - Bodg50-9051-900-0017 GMR ESC   ,Salón Sputnik,Compumax Computer ,Campuslands,0,#N/A
61,327,KBM130090717,000000,966217823,Teclado - Bodg50-9051-900-0017 GMR ESC   ,Salón Sputnik,Compumax Computer ,Campuslands,0,#N/A
62,327,Sin serial ,000000,966217823,Mouse - Bodg50-9051-900-0017 GMR ESC   ,Salón Sputnik,Compumax Computer ,Campuslands,0,#N/A
63,327,400SN39190,000000,966217823,CPU - Bodg50-9051-900-0017 GMR ESC   ,Salón Sputnik,Compumax Computer ,Campuslands,0,#N/A
64,327,COM2024CM21070876,000000,966217823,Monitor - Bodg50-9051-900-0017 GMR ESC   ,Salón Sputnik,Compumax Computer ,Campuslands,0,#N/A
65,327,KBM130090719,000000,966217823,Teclado - Bodg50-9051-900-0017 GMR ESC   ,Salón Sputnik,Compumax Computer ,Campuslands,0,#N/A
66,327,Sin serial ,000000,966217823,Mouse - Bodg50-9051-900-0017 GMR ESC   ,Salón Sputnik,Compumax Computer ,Campuslands,0,#N/A
67,327,400SN39186,000000,966217823,CPU - Bodg50-9051-900-0017 GMR ESC   ,Salón Sputnik,Compumax Computer ,Campuslands,0,#N/A
68,327,COM2024CM21070838,000000,966217823,Monitor - Bodg50-9051-900-0017 GMR ESC   ,Salón Sputnik,Compumax Computer ,Campuslands,0,#N/A
69,327,KBM130091718,000000,966217823,Teclado - Bodg50-9051-900-0017 GMR ESC   ,Salón Sputnik,Compumax Computer ,Campuslands,0,#N/A
70,327,Sin serial ,000000,966217823,Mouse - Bodg50-9051-900-0017 GMR ESC   ,Salón Sputnik,Compumax Computer ,Campuslands,0,#N/A
71,327,400SN39198,000000,966217823,CPU - Bodg50-9051-900-0017 GMR ESC   ,Salón Sputnik,Compumax Computer ,Campuslands,0,#N/A
72,327,COM2024CM21070638,000000,966217823,Monitor - Bodg50-9051-900-0017 GMR ESC   ,Salón Sputnik,Compumax Computer ,Campuslands,0,#N/A
73,327,KBM130091719,000000,966217823,Teclado - Bodg50-9051-900-0017 GMR ESC   ,Salón Sputnik,Compumax Computer ,Campuslands,0,#N/A
74,327,Sin serial ,000000,966217823,Mouse - Bodg50-9051-900-0017 GMR ESC   ,Salón Sputnik,Compumax Computer ,Campuslands,0,#N/A
75,327,102SN55107,000000,966217823,CPU - Bodg50-9051-900-0017 GMR ESC   ,Salón Sputnik,Compumax Computer ,Campuslands,0,#N/A
76,327,COM2024CM21070037,000000,966217823,Monitor - Bodg50-9051-900-0017 GMR ESC   ,Salón Sputnik,Compumax Computer ,Campuslands,0,#N/A
77,327,KBM130091731,000000,966217823,Teclado - Bodg50-9051-900-0017 GMR ESC   ,Salón Sputnik,Compumax Computer ,Campuslands,0,#N/A
78,327,Sin serial ,000000,966217823,Mouse - Bodg50-9051-900-0017 GMR ESC   ,Salón Sputnik,Compumax Computer ,Campuslands,0,#N/A
79,327,102SN55106,000000,966217823,CPU - Bodg50-9051-900-0017 GMR ESC   ,Salón Sputnik,Compumax Computer ,Campuslands,0,#N/A
80,327,COM2024CM21070115,000000,966217823,Monitor - Bodg50-9051-900-0017 GMR ESC   ,Salón Sputnik,Compumax Computer ,Campuslands,0,#N/A
81,327,KBM130091732,000000,966217823,Teclado - Bodg50-9051-900-0017 GMR ESC   ,Salón Sputnik,Compumax Computer ,Campuslands,0,#N/A
82,327,Sin serial ,000000,966217823,Mouse - Bodg50-9051-900-0017 GMR ESC   ,Salón Sputnik,Compumax Computer ,Campuslands,0,#N/A
83,327,400SN39204,000000,966217823,CPU - Bodg50-9051-900-0017 GMR ESC   ,Salón Sputnik,Compumax Computer ,Campuslands,0,#N/A
84,327,COM2024CM21070874,000000,966217823,Monitor - Bodg50-9051-900-0017 GMR ESC   ,Salón Sputnik,Compumax Computer ,Campuslands,0,#N/A
85,327,KBM130090731,000000,966217823,Teclado - Bodg50-9051-900-0017 GMR ESC   ,Salón Sputnik,Compumax Computer ,Campuslands,0,#N/A
86,327,Sin serial ,000000,966217823,Mouse - Bodg50-9051-900-0017 GMR ESC   ,Salón Sputnik,Compumax Computer ,Campuslands,0,#N/A
87,327,400SN39214,000000,966217823,CPU - Bodg50-9051-900-0017 GMR ESC   ,Salón Sputnik,Compumax Computer ,Campuslands,0,#N/A
88,327,COM2024CM21070105,000000,966217823,Monitor - Bodg50-9051-900-0017 GMR ESC   ,Salón Sputnik,Compumax Computer ,Campuslands,0,#N/A
89,327,KBM130090732,000000,966217823,Teclado - Bodg50-9051-900-0017 GMR ESC   ,Salón Sputnik,Compumax Computer ,Campuslands,0,#N/A
90,327,Sin serial ,000000,966217823,Mouse - Bodg50-9051-900-0017 GMR ESC   ,Salón Sputnik,Compumax Computer ,Campuslands,0,#N/A
91,327,400SN39189,000000,966217823,CPU - Bodg50-9051-900-0017 GMR ESC   ,Salón Sputnik,Compumax Computer ,Campuslands,0,#N/A
92,327,COM2024CM21070010,000000,966217823,Monitor - Bodg50-9051-900-0017 GMR ESC   ,Salón Sputnik,Compumax Computer ,Campuslands,0,#N/A
93,327,KBM130091733,000000,966217823,Teclado - Bodg50-9051-900-0017 GMR ESC   ,Salón Sputnik,Compumax Computer ,Campuslands,0,#N/A
94,327,Sin serial ,000000,966217823,Mouse - Bodg50-9051-900-0017 GMR ESC   ,Salón Sputnik,Compumax Computer ,Campuslands,0,#N/A
95,327,400SN39223,000000,966217823,CPU - Bodg50-9051-900-0017 GMR ESC   ,Salón Sputnik,Compumax Computer ,Campuslands,0,#N/A
96,327,COM2024CM21070109,000000,966217823,Monitor - Bodg50-9051-900-0017 GMR ESC   ,Salón Sputnik,Compumax Computer ,Campuslands,0,#N/A
97,327,KBM130090703,000000,966217823,Teclado - Bodg50-9051-900-0017 GMR ESC   ,Salón Sputnik,Compumax Computer ,Campuslands,0,#N/A
98,327,Sin serial ,000000,966217823,Mouse - Bodg50-9051-900-0017 GMR ESC   ,Salón Sputnik,Compumax Computer ,Campuslands,0,#N/A
99,327,400SN39229,000000,966217823,CPU - Bodg50-9051-900-0017 GMR ESC   ,Salón Sputnik,Compumax Computer ,Campuslands,0,#N/A
100,327,COM2024CM21070502,000000,966217823,Monitor - Bodg50-9051-900-0017 GMR ESC   ,Salón Sputnik,Compumax Computer ,Campuslands,0,#N/A
101,327,KBM130090708,000000,966217823,Teclado - Bodg50-9051-900-0017 GMR ESC   ,Salón Sputnik,Compumax Computer ,Campuslands,0,#N/A
102,327,Sin serial ,000000,966217823,Mouse - Bodg50-9051-900-0017 GMR ESC   ,Salón Sputnik,Compumax Computer ,Campuslands,0,#N/A
103,327,400SN39178,000000,966217823,CPU - Bodg50-9051-900-0017 GMR ESC   ,Salón Sputnik,Compumax Computer ,Campuslands,0,#N/A
104,327,COM2024CM21070136,000000,966217823,Monitor - Bodg50-9051-900-0017 GMR ESC   ,Salón Sputnik,Compumax Computer ,Campuslands,0,#N/A
105,327,KBM130091708,000000,966217823,Teclado - Bodg50-9051-900-0017 GMR ESC   ,Salón Sputnik,Compumax Computer ,Campuslands,0,#N/A
106,327,Sin serial ,000000,966217823,Mouse - Bodg50-9051-900-0017 GMR ESC   ,Salón Sputnik,Compumax Computer ,Campuslands,0,#N/A
107,327,400SN39196,000000,966217823,CPU - Bodg50-9051-900-0017 GMR ESC   ,Salón Sputnik,Compumax Computer ,Campuslands,0,#N/A
108,327,COM2024CM21070001,000000,966217823,Monitor - Bodg50-9051-900-0017 GMR ESC   ,Salón Sputnik,Compumax Computer ,Campuslands,0,#N/A
109,327,KBM130091707,000000,966217823,Teclado - Bodg50-9051-900-0017 GMR ESC   ,Salón Sputnik,Compumax Computer ,Campuslands,0,#N/A
110,327,Sin serial ,000000,966217823,Mouse - Bodg50-9051-900-0017 GMR ESC   ,Salón Sputnik,Compumax Computer ,Campuslands,0,#N/A
111,327,102SN55081,000000,966217823,CPU - Bodg50-9051-900-0017 GMR ESC   ,Salón Sputnik,Compumax Computer ,Campuslands,0,#N/A
112,327,COM2024CM21070846,000000,966217823,Monitor - Bodg50-9051-900-0017 GMR ESC   ,Salón Sputnik,Compumax Computer ,Campuslands,0,#N/A
113,327,KBM130090709,000000,966217823,Teclado - Bodg50-9051-900-0017 GMR ESC   ,Salón Sputnik,Compumax Computer ,Campuslands,0,#N/A
114,327,Sin serial ,000000,966217823,Mouse - Bodg50-9051-900-0017 GMR ESC   ,Salón Sputnik,Compumax Computer ,Campuslands,0,#N/A
115,327,400SN39183,000000,966217823,CPU - Bodg50-9051-900-0017 GMR ESC   ,Salón Sputnik,Compumax Computer ,Campuslands,0,#N/A
116,327,COM2024CM21070211,000000,966217823,Monitor - Bodg50-9051-900-0017 GMR ESC   ,Salón Sputnik,Compumax Computer ,Campuslands,0,#N/A
117,327,KBM130091709,000000,966217823,Teclado - Bodg50-9051-900-0017 GMR ESC   ,Salón Sputnik,Compumax Computer ,Campuslands,0,#N/A
118,327,Sin serial ,000000,966217823,Mouse - Bodg50-9051-900-0017 GMR ESC   ,Salón Sputnik,Compumax Computer ,Campuslands,0,#N/A
119,327,102SN55098,000000,966217823,CPU - Bodg50-9051-900-0017 GMR ESC   ,Salón Sputnik,Compumax Computer ,Campuslands,0,#N/A
120,327,COM2024CM21070733,000000,966217823,Monitor - Bodg50-9051-900-0017 GMR ESC   ,Salón Sputnik,Compumax Computer ,Campuslands,0,#N/A
121,327,KBM130090710,000000,966217823,Teclado - Bodg50-9051-900-0017 GMR ESC   ,Salón Sputnik,Compumax Computer ,Campuslands,0,#N/A
122,327,Sin serial ,000000,966217823,Mouse - Bodg50-9051-900-0017 GMR ESC   ,Salón Sputnik,Compumax Computer ,Campuslands,0,#N/A
123,327,102SN55108,000000,966217823,CPU - Bodg50-9051-900-0017 GMR ESC   ,Salón Sputnik,Compumax Computer ,Campuslands,0,#N/A
124,327,COM2024CM21070287,000000,966217823,Monitor - Bodg50-9051-900-0017 GMR ESC   ,Salón Sputnik,Compumax Computer ,Campuslands,0,#N/A
125,327,KBM130091748,000000,966217823,Teclado - Bodg50-9051-900-0017 GMR ESC   ,Salón Sputnik,Compumax Computer ,Campuslands,0,#N/A
126,327,Sin serial ,000000,966217823,Mouse - Bodg50-9051-900-0017 GMR ESC   ,Salón Sputnik,Compumax Computer ,Campuslands,0,#N/A
127,327,400SN39224,000000,966217823,CPU - Bodg50-9051-900-0017 GMR ESC   ,Salón Sputnik,Compumax Computer ,Campuslands,0,#N/A
128,327,COM2024CM21070629,000000,966217823,Monitor - Bodg50-9051-900-0017 GMR ESC   ,Salón Sputnik,Compumax Computer ,Campuslands,0,#N/A
129,327,KBM130090748,000000,966217823,Teclado - Bodg50-9051-900-0017 GMR ESC   ,Salón Sputnik,Compumax Computer ,Campuslands,0,#N/A
130,327,,000000,966217823,Mouse - Bodg50-9051-900-0017 GMR ESC   ,Salón Sputnik,Compumax Computer ,Campuslands,0,#N/A
131,327,400SN39179,000000,966217823,CPU - Bodg50-9051-900-0017 GMR ESC   ,Salón Sputnik,Compumax Computer ,Campuslands,0,#N/A
132,327,COM2024CM21070188,000000,966217823,Monitor - Bodg50-9051-900-0017 GMR ESC   ,Salón Sputnik,Compumax Computer ,Campuslands,0,#N/A
133,327,KBM130090749,000000,966217823,Teclado - Bodg50-9051-900-0017 GMR ESC   ,Salón Sputnik,Compumax Computer ,Campuslands,0,#N/A
134,327,Sin serial ,000000,966217823,Mouse - Bodg50-9051-900-0017 GMR ESC   ,Salón Sputnik,Compumax Computer ,Campuslands,0,#N/A
135,327,102SN55092,000000,966217823,CPU - Bodg50-9051-900-0017 GMR ESC   ,Salón Sputnik,Compumax Computer ,Campuslands,0,#N/A
136,327,COM2024CM21070050,000000,966217823,Monitor - Bodg50-9051-900-0017 GMR ESC   ,Salón Sputnik,Compumax Computer ,Campuslands,0,#N/A
137,327,KBM130090705,000000,966217823,Teclado - Bodg50-9051-900-0017 GMR ESC   ,Salón Sputnik,Compumax Computer ,Campuslands,0,#N/A
138,327,Sin serial ,000000,966217823,Mouse - Bodg50-9051-900-0017 GMR ESC   ,Salón Sputnik,Compumax Computer ,Campuslands,0,#N/A
139,327,400SN39187,000000,966217823,CPU - Bodg50-9051-900-0017 GMR ESC   ,Salón Sputnik,Compumax Computer ,Campuslands,0,#N/A
140,327,COM2024CM21070663,000000,966217823,Monitor - Bodg50-9051-900-0017 GMR ESC   ,Salón Sputnik,Compumax Computer ,Campuslands,0,#N/A
141,327,KBM130090733,000000,966217823,Teclado - Bodg50-9051-900-0017 GMR ESC   ,Salón Sputnik,Compumax Computer ,Campuslands,0,#N/A
142,327,Sin serial ,000000,966217823,Mouse - Bodg50-9051-900-0017 GMR ESC   ,Salón Sputnik,Compumax Computer ,Campuslands,0,#N/A
143,327,400SN39200,000000,966217823,CPU - Bodg50-9051-900-0017 GMR ESC   ,Salón Sputnik,Compumax Computer ,Campuslands,0,#N/A
144,327,COM2024CM21070705,000000,966217823,Monitor - Bodg50-9051-900-0017 GMR ESC   ,Salón Sputnik,Compumax Computer ,Campuslands,0,#N/A
145,327,KBM130091705,000000,966217823,Teclado - Bodg50-9051-900-0017 GMR ESC   ,Salón Sputnik,Compumax Computer ,Campuslands,0,#N/A
146,327,Sin serial ,000000,966217823,Mouse - Bodg50-9051-900-0017 GMR ESC   ,Salón Sputnik,Compumax Computer ,Campuslands,0,#N/A
147,327,102SN55091,000000,966217823,CPU - Bodg50-9051-900-0017 GMR ESC   ,Salón Sputnik,Compumax Computer ,Campuslands,0,#N/A
148,327,COM2024CM21070754,000000,966217823,Monitor - Bodg50-9051-900-0017 GMR ESC   ,Salón Sputnik,Compumax Computer ,Campuslands,0,#N/A
149,327,KBM130091701,000000,966217823,Teclado - Bodg50-9051-900-0017 GMR ESC   ,Salón Sputnik,Compumax Computer ,Campuslands,0,#N/A
150,327,Sin serial ,000000,966217823,Mouse - Bodg50-9051-900-0017 GMR ESC   ,Salón Sputnik,Compumax Computer ,Campuslands,0,#N/A
151,327,400SN39237,000000,966217823,CPU - Bodg50-9051-900-0017 GMR ESC   ,Salón Sputnik,Compumax Computer ,Campuslands,0,#N/A
152,327,COM2024CM21070394,000000,966217823,Monitor - Bodg50-9051-900-0017 GMR ESC   ,Salón Sputnik,Compumax Computer ,Campuslands,0,#N/A
153,327,KBM130091751,000000,966217823,Teclado - Bodg50-9051-900-0017 GMR ESC   ,Salón Sputnik,Compumax Computer ,Campuslands,0,#N/A
154,327,Sin serial ,000000,966217823,Mouse - Bodg50-9051-900-0017 GMR ESC   ,Salón Sputnik,Compumax Computer ,Campuslands,0,#N/A
155,327,102SN55099,000000,966217823,CPU - Bodg50-9051-900-0017 GMR ESC   ,Salón Sputnik,Compumax Computer ,Campuslands,0,#N/A
156,327,COM2024CM21070683,000000,966217823,Monitor - Bodg50-9051-900-0017 GMR ESC   ,Salón Sputnik,Compumax Computer ,Campuslands,0,#N/A
157,327,KBM130090751,000000,966217823,Teclado - Bodg50-9051-900-0017 GMR ESC   ,Salón Sputnik,Compumax Computer ,Campuslands,0,#N/A
158,327,Sin serial ,000000,966217823,Mouse - Bodg50-9051-900-0017 GMR ESC   ,Salón Sputnik,Compumax Computer ,Campuslands,0,#N/A
159,327,400SN39184,000000,966217823,CPU - Bodg50-9051-900-0017 GMR ESC   ,Salón Sputnik,Compumax Computer ,Campuslands,0,#N/A
160,327,COM2024CM21070520,000000,966217823,Monitor - Bodg50-9051-900-0017 GMR ESC   ,Salón Sputnik,Compumax Computer ,Campuslands,0,#N/A
161,327,KBM130091717,000000,966217823,Teclado - Bodg50-9051-900-0017 GMR ESC   ,Salón Sputnik,Compumax Computer ,Campuslands,0,#N/A
162,327,Sin serial ,000000,966217823,Mouse - Bodg50-9051-900-0017 GMR ESC   ,Salón Sputnik,Compumax Computer ,Campuslands,0,#N/A
163,327,400SN39180,000000,966217823,CPU - Bodg50-9051-900-0017 GMR ESC   ,Salón Sputnik,Compumax Computer ,Campuslands,0,#N/A
164,327,COM2024CM21070374,000000,966217823,Monitor - Bodg50-9051-900-0017 GMR ESC   ,Salón Sputnik,Compumax Computer ,Campuslands,0,#N/A
165,327,KBM130090704,000000,966217823,Teclado - Bodg50-9051-900-0017 GMR ESC   ,Salón Sputnik,Compumax Computer ,Campuslands,0,#N/A
166,327,Sin serial ,000000,966217823,Mouse - Bodg50-9051-900-0017 GMR ESC   ,Salón Sputnik,Compumax Computer ,Campuslands,0,#N/A
167,327,400SN39199,000000,966217823,CPU - Bodg50-9051-900-0017 GMR ESC   ,Salón Sputnik,Compumax Computer ,Campuslands,0,#N/A
168,327,COM2024CM21070711,000000,966217823,Monitor - Bodg50-9051-900-0017 GMR ESC   ,Salón Sputnik,Compumax Computer ,Campuslands,0,#N/A
169,327,KBM130091715,000000,966217823,Teclado - Bodg50-9051-900-0017 GMR ESC   ,Salón Sputnik,Compumax Computer ,Campuslands,0,#N/A
170,327,Sin serial ,000000,966217823,Mouse - Bodg50-9051-900-0017 GMR ESC   ,Salón Sputnik,Compumax Computer ,Campuslands,0,#N/A
171,327,102SN55105,000000,966217823,CPU - Bodg50-9051-900-0017 GMR ESC   ,Salón Sputnik,Compumax Computer ,Campuslands,0,#N/A
172,327,COM2024CM21070043,000000,966217823,Monitor - Bodg50-9051-900-0017 GMR ESC   ,Salón Sputnik,Compumax Computer ,Campuslands,0,#N/A
173,327,UD18J2C00169,000000,966217823,Teclado - Bodg50-9051-900-0017 GMR ESC   ,Salón Sputnik,Compumax Computer ,Campuslands,0,#N/A
174,327,Sin serial ,000000,966217823,Mouse - Bodg50-9051-900-0017 GMR ESC   ,Salón Sputnik,Compumax Computer ,Campuslands,0,#N/A
175,327,102SN55097,000000,966217823,CPU - Bodg50-9051-900-0017 GMR ESC   ,Salón Sputnik,Compumax Computer ,Campuslands,0,#N/A
176,327,COM2024CM21070151,000000,966217823,Monitor - Bodg50-9051-900-0017 GMR ESC   ,Salón Sputnik,Compumax Computer ,Campuslands,0,#N/A
177,327,KBM130090716,000000,966217823,Teclado - Bodg50-9051-900-0017 GMR ESC   ,Salón Sputnik,Compumax Computer ,Campuslands,0,#N/A
178,327,Sin serial ,000000,966217823,Mouse - Bodg50-9051-900-0017 GMR ESC   ,Salón Sputnik,Compumax Computer ,Campuslands,0,#N/A
179,327,102SN55104,000000,966217823,CPU - Bodg50-9051-900-0017 GMR ESC   ,Salón Sputnik,Compumax Computer ,Campuslands,0,#N/A
180,327,COM2024CM21070127,000000,966217823,Monitor - Bodg50-9051-900-0017 GMR ESC   ,Salón Sputnik,Compumax Computer ,Campuslands,0,#N/A
181,327,KBM130090715,000000,966217823,Teclado - Bodg50-9051-900-0017 GMR ESC   ,Salón Sputnik,Compumax Computer ,Campuslands,0,#N/A
182,327,Sin serial ,000000,966217823,Mouse - Bodg50-9051-900-0017 GMR ESC   ,Salón Sputnik,Compumax Computer ,Campuslands,0,#N/A
183,327,102SN55084,000000,966217823,CPU - Bodg50-9051-900-0017 GMR ESC   ,Salón Sputnik,Compumax Computer ,Campuslands,0,#N/A
184,327,COM2024CM21070029,000000,966217823,Monitor - Bodg50-9051-900-0017 GMR ESC   ,Salón Sputnik,Compumax Computer ,Campuslands,0,#N/A
185,327,KBM130091714,000000,966217823,Teclado - Bodg50-9051-900-0017 GMR ESC   ,Salón Sputnik,Compumax Computer ,Campuslands,0,#N/A
186,327,Sin serial ,000000,966217823,Mouse - Bodg50-9051-900-0017 GMR ESC   ,Salón Sputnik,Compumax Computer ,Campuslands,0,#N/A
187,327,400SN39194,000000,966217823,CPU - Bodg50-9051-900-0017 GMR ESC   ,Salón Sputnik,Compumax Computer ,Campuslands,0,#N/A
188,327,COM2024CM21070135,000000,966217823,Monitor - Bodg50-9051-900-0017 GMR ESC   ,Salón Sputnik,Compumax Computer ,Campuslands,0,#N/A
189,327,KBM130090714,000000,966217823,Teclado - Bodg50-9051-900-0017 GMR ESC   ,Salón Sputnik,Compumax Computer ,Campuslands,0,#N/A
190,327,Sin serial ,000000,966217823,Mouse - Bodg50-9051-900-0017 GMR ESC   ,Salón Sputnik,Compumax Computer ,Campuslands,0,#N/A
191,327,Sin serial ,000000,966217823,CPU-Bodg50-9048-900-0044 GMRESC R3,Salón Sputnik,Compumax Computer ,Campuslands,0,#N/A
192,327,400SN39175,000000,966217823,CPU-Bodg50-9048-900-0044 GMRESC R3,Salón Apolo,Compumax Computer ,Campuslands,0,#N/A
193,327,COM2024CM21070257,000000,966217823,Monitor-Bodg50-9048-900-0044 GMRESC R3,Salón Apolo,Compumax Computer ,Campuslands,0,#N/A
194,327,KBM130091739,000000,966217823,Teclado-Bodg50-9048-900-0044 GMRESC R3,Salón Apolo,Compumax Computer ,Campuslands,0,#N/A
195,327,Sin serial ,000000,966217823,Mouse-Bodg50-9048-900-0044 GMRESC R3,Salón Apolo,Compumax Computer ,Campuslands,0,#N/A
196,327,400SN39206,000000,966217823,CPU-Bodg50-9048-900-0044 GMRESC R3,Salón Apolo,Compumax Computer ,Campuslands,0,#N/A
197,327,COM2024CM21070609,000000,966217823,Monitor-Bodg50-9048-900-0044 GMRESC R3,Salón Apolo,Compumax Computer ,Campuslands,0,#N/A
198,327,KBM130091743,000000,966217823,Teclado-Bodg50-9048-900-0044 GMRESC R3,Salón Apolo,Compumax Computer ,Campuslands,0,#N/A
199,327,Sin serial ,000000,966217823,Mouse-Bodg50-9048-900-0044 GMRESC R3,Salón Apolo,Compumax Computer ,Campuslands,0,#N/A
200,327,400SN39212,000000,966217823,CPU-Bodg50-9048-900-0044 GMRESC R3,Salón Apolo,Compumax Computer ,Campuslands,0,#N/A
201,327,COM2024CM21070778,000000,966217823,Monitor-Bodg50-9048-900-0044 GMRESC R3,Salón Apolo,Compumax Computer ,Campuslands,0,#N/A
202,327,KBM130090742,000000,966217823,Teclado-Bodg50-9048-900-0044 GMRESC R3,Salón Apolo,Compumax Computer ,Campuslands,0,#N/A
203,327,Sin serial ,000000,966217823,Mouse-Bodg50-9048-900-0044 GMRESC R3,Salón Apolo,Compumax Computer ,Campuslands,0,#N/A
204,327,400SN39217,000000,966217823,CPU-Bodg50-9048-900-0044 GMRESC R3,Salón Apolo,Compumax Computer ,Campuslands,0,#N/A
205,327,COM2024CM21070069,000000,966217823,Monitor-Bodg50-9048-900-0044 GMRESC R3,Salón Apolo,Compumax Computer ,Campuslands,0,#N/A
206,327,KBM130091742,000000,966217823,Teclado-Bodg50-9048-900-0044 GMRESC R3,Salón Apolo,Compumax Computer ,Campuslands,0,#N/A
207,327,Sin serial ,000000,966217823,Mouse-Bodg50-9048-900-0044 GMRESC R3,Salón Apolo,Compumax Computer ,Campuslands,0,#N/A
208,327,400SN39203,000000,966217823,CPU-Bodg50-9048-900-0044 GMRESC R3,Salón Apolo,Compumax Computer ,Campuslands,0,#N/A
209,327,COM2024CM21070349,000000,966217823,Monitor-Bodg50-9048-900-0044 GMRESC R3,Salón Apolo,Compumax Computer ,Campuslands,0,#N/A
210,327,KBM130090743,000000,966217823,Teclado-Bodg50-9048-900-0044 GMRESC R3,Salón Apolo,Compumax Computer ,Campuslands,0,#N/A
211,327,Sin serial ,000000,966217823,Mouse-Bodg50-9048-900-0044 GMRESC R3,Salón Apolo,Compumax Computer ,Campuslands,0,#N/A
212,327,400SN39201,000000,966217823,CPU-Bodg50-9048-900-0044 GMRESC R3,Salón Apolo,Compumax Computer ,Campuslands,0,#N/A
213,327,COM2024CM21070004,000000,966217823,Monitor-Bodg50-9048-900-0044 GMRESC R3,Salón Apolo,Compumax Computer ,Campuslands,0,#N/A
214,327,KBM130091710,000000,966217823,Teclado-Bodg50-9048-900-0044 GMRESC R3,Salón Apolo,Compumax Computer ,Campuslands,0,#N/A
215,327,Sin serial ,000000,966217823,Mouse-Bodg50-9048-900-0044 GMRESC R3,Salón Apolo,Compumax Computer ,Campuslands,0,#N/A
216,327,400SN39207,000000,966217823,CPU-Bodg50-9048-900-0044 GMRESC R3,Salón Apolo,Compumax Computer ,Campuslands,0,#N/A
217,327,COM2024CM21070727,000000,966217823,Monitor-Bodg50-9048-900-0044 GMRESC R3,Salón Apolo,Compumax Computer ,Campuslands,0,#N/A
218,327,KBM130090728,000000,966217823,Teclado-Bodg50-9048-900-0044 GMRESC R3,Salón Apolo,Compumax Computer ,Campuslands,0,#N/A
219,327,Sin serial ,000000,966217823,Mouse-Bodg50-9048-900-0044 GMRESC R3,Salón Apolo,Compumax Computer ,Campuslands,0,#N/A
220,327,400SN39170,000000,966217823,CPU-Bodg50-9048-900-0044 GMRESC R3,Salón Apolo,Compumax Computer ,Campuslands,0,#N/A
221,327,COM2024CM21070063,000000,966217823,Monitor-Bodg50-9048-900-0044 GMRESC R3,Salón Apolo,Compumax Computer ,Campuslands,0,#N/A
222,327,KBM130090729,000000,966217823,Teclado-Bodg50-9048-900-0044 GMRESC R3,Salón Apolo,Compumax Computer ,Campuslands,0,#N/A
223,327,Sin serial ,000000,966217823,Mouse-Bodg50-9048-900-0044 GMRESC R3,Salón Apolo,Compumax Computer ,Campuslands,0,#N/A
224,327,400SN39193,000000,966217823,CPU-Bodg50-9048-900-0044 GMRESC R3,Salón Apolo,Compumax Computer ,Campuslands,0,#N/A
225,327,COM2024CM21070203,000000,966217823,Monitor-Bodg50-9048-900-0044 GMRESC R3,Salón Apolo,Compumax Computer ,Campuslands,0,#N/A
226,327,KBM130091734,000000,966217823,Teclado-Bodg50-9048-900-0044 GMRESC R3,Salón Apolo,Compumax Computer ,Campuslands,0,#N/A
227,327,Sin serial ,000000,966217823,Mouse-Bodg50-9048-900-0044 GMRESC R3,Salón Apolo,Compumax Computer ,Campuslands,0,#N/A
228,327,400SN39213,000000,966217823,CPU-Bodg50-9048-900-0044 GMRESC R3,Salón Apolo,Compumax Computer ,Campuslands,0,#N/A
229,327,COM2024CM21070517,000000,966217823,Monitor-Bodg50-9048-900-0044 GMRESC R3,Salón Apolo,Compumax Computer ,Campuslands,0,#N/A
230,327,KBM130090735,000000,966217823,Teclado-Bodg50-9048-900-0044 GMRESC R3,Salón Apolo,Compumax Computer ,Campuslands,0,#N/A
231,327,Sin serial ,000000,966217823,Mouse-Bodg50-9048-900-0044 GMRESC R3,Salón Apolo,Compumax Computer ,Campuslands,0,#N/A
232,327,400SN39197,000000,966217823,CPU-Bodg50-9048-900-0044 GMRESC R3,Salón Apolo,Compumax Computer ,Campuslands,0,#N/A
233,327,COM2024CM21070007,000000,966217823,Monitor-Bodg50-9048-900-0044 GMRESC R3,Salón Apolo,Compumax Computer ,Campuslands,0,#N/A
234,327,KBM130090734,000000,966217823,Teclado-Bodg50-9048-900-0044 GMRESC R3,Salón Apolo,Compumax Computer ,Campuslands,0,#N/A
235,327,Sin serial ,000000,966217823,Mouse-Bodg50-9048-900-0044 GMRESC R3,Salón Apolo,Compumax Computer ,Campuslands,0,#N/A
236,327,102SN55078,000000,966217823,CPU-Bodg50-9048-900-0044 GMRESC R3,Salón Apolo,Compumax Computer ,Campuslands,0,#N/A
237,327,COM2024CM21070008,000000,966217823,Monitor-Bodg50-9048-900-0044 GMRESC R3,Salón Apolo,Compumax Computer ,Campuslands,0,#N/A
238,327,KBM130090750,000000,966217823,Teclado-Bodg50-9048-900-0044 GMRESC R3,Salón Apolo,Compumax Computer ,Campuslands,0,#N/A
239,327,Sin serial ,000000,966217823,Mouse-Bodg50-9048-900-0044 GMRESC R3,Salón Apolo,Compumax Computer ,Campuslands,0,#N/A
240,327,102SN55085,000000,966217823,CPU-Bodg50-9048-900-0044 GMRESC R3,Salón Apolo,Compumax Computer ,Campuslands,0,#N/A
241,327,COM2024CM21070117,000000,966217823,Monitor-Bodg50-9048-900-0044 GMRESC R3,Salón Apolo,Compumax Computer ,Campuslands,0,#N/A
242,327,KBM130091713,000000,966217823,Teclado-Bodg50-9048-900-0044 GMRESC R3,Salón Apolo,Compumax Computer ,Campuslands,0,#N/A
243,327,Sin serial ,000000,966217823,Mouse-Bodg50-9048-900-0044 GMRESC R3,Salón Apolo,Compumax Computer ,Campuslands,0,#N/A
244,327,400SN39233,000000,966217823,CPU-Bodg50-9048-900-0044 GMRESC R3,Salón Apolo,Compumax Computer ,Campuslands,0,#N/A
245,327,COM2024CM21070277,000000,966217823,Monitor-Bodg50-9048-900-0044 GMRESC R3,Salón Apolo,Compumax Computer ,Campuslands,0,#N/A
246,327,KBM130090713,000000,966217823,Teclado-Bodg50-9048-900-0044 GMRESC R3,Salón Apolo,Compumax Computer ,Campuslands,0,#N/A
247,327,Sin serial ,000000,966217823,Mouse-Bodg50-9048-900-0044 GMRESC R3,Salón Apolo,Compumax Computer ,Campuslands,0,#N/A
248,327,102SN55082,000000,966217823,CPU-Bodg50-9048-900-0044 GMRESC R3,Salón Apolo,Compumax Computer ,Campuslands,0,#N/A
249,327,COM2024CM21070406,000000,966217823,Monitor-Bodg50-9048-900-0044 GMRESC R3,Salón Apolo,Compumax Computer ,Campuslands,0,#N/A
250,327,KBM130091712,000000,966217823,Teclado-Bodg50-9048-900-0044 GMRESC R3,Salón Apolo,Compumax Computer ,Campuslands,0,#N/A
251,327,Sin serial ,000000,966217823,Mouse-Bodg50-9048-900-0044 GMRESC R3,Salón Apolo,Compumax Computer ,Campuslands,0,#N/A
252,327,102SN55101,000000,966217823,CPU-Bodg50-9048-900-0044 GMRESC R3,Salón Apolo,Compumax Computer ,Campuslands,0,#N/A
253,327,COM2024CM21070557,000000,966217823,Monitor-Bodg50-9048-900-0044 GMRESC R3,Salón Apolo,Compumax Computer ,Campuslands,0,#N/A
254,327,KBM130091711,000000,966217823,Teclado-Bodg50-9048-900-0044 GMRESC R3,Salón Apolo,Compumax Computer ,Campuslands,0,#N/A
255,327,Sin serial ,000000,966217823,Mouse-Bodg50-9048-900-0044 GMRESC R3,Salón Apolo,Compumax Computer ,Campuslands,0,#N/A
256,327,400SN39192,000000,966217823,CPU-Bodg50-9048-900-0044 GMRESC R3,Salón Apolo,Compumax Computer ,Campuslands,0,#N/A
257,327,COM2024CM21070853,000000,966217823,Monitor-Bodg50-9048-900-0044 GMRESC R3,Salón Apolo,Compumax Computer ,Campuslands,0,#N/A
258,327,KBM130090712,000000,966217823,Teclado-Bodg50-9048-900-0044 GMRESC R3,Salón Apolo,Compumax Computer ,Campuslands,0,#N/A
259,327,Sin serial ,000000,966217823,Mouse-Bodg50-9048-900-0044 GMRESC R3,Salón Apolo,Compumax Computer ,Campuslands,0,#N/A
260,327,400SN39181,000000,966217823,CPU-Bodg50-9048-900-0044 GMRESC R3,Salón Apolo,Compumax Computer ,Campuslands,0,#N/A
261,327,COM2024CM21070893,000000,966217823,Monitor-Bodg50-9048-900-0044 GMRESC R3,Salón Apolo,Compumax Computer ,Campuslands,0,#N/A
262,327,KBM130090711,000000,966217823,Teclado-Bodg50-9048-900-0044 GMRESC R3,Salón Apolo,Compumax Computer ,Campuslands,0,#N/A
263,327,Sin serial ,000000,966217823,Mouse-Bodg50-9048-900-0044 GMRESC R3,Salón Apolo,Compumax Computer ,Campuslands,0,#N/A
264,327,400SN39195,000000,966217823,CPU-Bodg50-9048-900-0044 GMRESC R3,Salón Apolo,Compumax Computer ,Campuslands,0,#N/A
265,327,COM2024CM21070898,000000,966217823,Monitor-Bodg50-9048-900-0044 GMRESC R3,Salón Apolo,Compumax Computer ,Campuslands,0,#N/A
266,327,KBM130091741,000000,966217823,Teclado-Bodg50-9048-900-0044 GMRESC R3,Salón Apolo,Compumax Computer ,Campuslands,0,#N/A
267,327,Sin serial ,000000,966217823,Mouse-Bodg50-9048-900-0044 GMRESC R3,Salón Apolo,Compumax Computer ,Campuslands,0,#N/A
268,327,400SN39232,000000,966217823,CPU-Bodg50-9048-900-0044 GMRESC R3,Salón Apolo,Compumax Computer ,Campuslands,0,#N/A
269,327,COM2024CM21070400,000000,966217823,Monitor-Bodg50-9048-900-0044 GMRESC R3,Salón Apolo,Compumax Computer ,Campuslands,0,#N/A
270,327,KBM130091740,000000,966217823,Teclado-Bodg50-9048-900-0044 GMRESC R3,Salón Apolo,Compumax Computer ,Campuslands,0,#N/A
271,327,Sin serial ,000000,966217823,Mouse-Bodg50-9048-900-0044 GMRESC R3,Salón Apolo,Compumax Computer ,Campuslands,0,#N/A
272,327,400SN39231,000000,966217823,CPU-Bodg50-9048-900-0044 GMRESC R3,Salón Apolo,Compumax Computer ,Campuslands,0,#N/A
273,327,COM2024CM21070761,000000,966217823,Monitor-Bodg50-9048-900-0044 GMRESC R3,Salón Apolo,Compumax Computer ,Campuslands,0,#N/A
274,327,KBM130090739,000000,966217823,Teclado-Bodg50-9048-900-0044 GMRESC R3,Salón Apolo,Compumax Computer ,Campuslands,0,#N/A
275,327,Sin serial ,000000,966217823,Mouse-Bodg50-9048-900-0044 GMRESC R3,Salón Apolo,Compumax Computer ,Campuslands,0,#N/A
276,327,400SN39171,000000,966217823,CPU-Bodg50-9048-900-0044 GMRESC R3,Salón Apolo,Compumax Computer ,Campuslands,0,#N/A
277,327,COM2024CM21070534,000000,966217823,Monitor-Bodg50-9048-900-0044 GMRESC R3,Salón Apolo,Compumax Computer ,Campuslands,0,#N/A
278,327,KBM130090741,000000,966217823,Teclado-Bodg50-9048-900-0044 GMRESC R3,Salón Apolo,Compumax Computer ,Campuslands,0,#N/A
279,327,Sin serial ,000000,966217823,Mouse-Bodg50-9048-900-0044 GMRESC R3,Salón Apolo,Compumax Computer ,Campuslands,0,#N/A
280,327,400SN39220,000000,966217823,CPU-Bodg50-9048-900-0044 GMRESC R3,Salón Apolo,Compumax Computer ,Campuslands,0,#N/A
281,327,COM2024CM21070017,000000,966217823,Monitor-Bodg50-9048-900-0044 GMRESC R3,Salón Apolo,Compumax Computer ,Campuslands,0,#N/A
282,327,KBM130091750,000000,966217823,Teclado-Bodg50-9048-900-0044 GMRESC R3,Salón Apolo,Compumax Computer ,Campuslands,0,#N/A
283,327,Sin serial ,000000,966217823,Mouse-Bodg50-9048-900-0044 GMRESC R3,Salón Apolo,Compumax Computer ,Campuslands,0,#N/A
284,327,102SN55100,000000,966217823,CPU-Bodg50-9048-900-0044 GMRESC R3,Salón Apolo,Compumax Computer ,Campuslands,0,#N/A
285,327,COM2024CM21070281,000000,966217823,Monitor-Bodg50-9048-900-0044 GMRESC R3,Salón Apolo,Compumax Computer ,Campuslands,0,#N/A
286,327,KBM130091749,000000,966217823,Teclado-Bodg50-9048-900-0044 GMRESC R3,Salón Apolo,Compumax Computer ,Campuslands,0,#N/A
287,327,Sin serial ,000000,966217823,Mouse-Bodg50-9048-900-0044 GMRESC R3,Salón Apolo,Compumax Computer ,Campuslands,0,#N/A
288,327,400SN39236,000000,966217823,CPU-Bodg50-9048-900-0044 GMRESC R3,Salón Apolo,Compumax Computer ,Campuslands,0,#N/A
289,327,COM2024CM21070205,000000,966217823,Monitor-Bodg50-9048-900-0044 GMRESC R3,Salón Apolo,Compumax Computer ,Campuslands,0,#N/A
290,327,KBM130090740,000000,966217823,Teclado-Bodg50-9048-900-0044 GMRESC R3,Salón Apolo,Compumax Computer ,Campuslands,0,#N/A
291,327,Sin serial ,000000,966217823,Mouse-Bodg50-9048-900-0044 GMRESC R3,Salón Apolo,Compumax Computer ,Campuslands,0,#N/A
292,327,400SN39216,000000,966217823,CPU-Bodg50-9048-900-0044 GMRESC R3,Salón Apolo,Compumax Computer ,Campuslands,0,#N/A
293,327,COM2024CM21070041,000000,966217823,Monitor-Bodg50-9048-900-0044 GMRESC R3,Salón Apolo,Compumax Computer ,Campuslands,0,#N/A
294,327,KBM130091728,000000,966217823,Teclado-Bodg50-9048-900-0044 GMRESC R3,Salón Apolo,Compumax Computer ,Campuslands,0,#N/A
295,327,Sin serial ,000000,966217823,Mouse-Bodg50-9048-900-0044 GMRESC R3,Salón Apolo,Compumax Computer ,Campuslands,0,#N/A
296,327,400SN39176,000000,966217823,CPU-Bodg50-9048-900-0044 GMRESC R3,Salón Apolo,Compumax Computer ,Campuslands,0,#N/A
297,327,COM2024CM21070712,000000,966217823,Monitor-Bodg50-9048-900-0044 GMRESC R3,Salón Apolo,Compumax Computer ,Campuslands,0,#N/A
298,327,KBM130090727,000000,966217823,Teclado-Bodg50-9048-900-0044 GMRESC R3,Salón Apolo,Compumax Computer ,Campuslands,0,#N/A
299,327,Sin serial ,000000,966217823,Mouse-Bodg50-9048-900-0044 GMRESC R3,Salón Apolo,Compumax Computer ,Campuslands,0,#N/A
300,327,102SN55077,000000,966217823,CPU-Bodg50-9048-900-0044 GMRESC R3,Salón Apolo,Compumax Computer ,Campuslands,0,#N/A
301,327,COM2024CM21070129,000000,966217823,Monitor-Bodg50-9048-900-0044 GMRESC R3,Salón Apolo,Compumax Computer ,Campuslands,0,#N/A
302,327,KBM130091727,000000,966217823,Teclado-Bodg50-9048-900-0044 GMRESC R3,Salón Apolo,Compumax Computer ,Campuslands,0,#N/A
303,327,Sin serial ,000000,966217823,Mouse-Bodg50-9048-900-0044 GMRESC R3,Salón Apolo,Compumax Computer ,Campuslands,0,#N/A
304,327,400SN39211,000000,966217823,CPU-Bodg50-9048-900-0044 GMRESC R3,Salón Apolo,Compumax Computer ,Campuslands,0,#N/A
305,327,COM2024CM21070140,000000,966217823,Monitor-Bodg50-9048-900-0044 GMRESC R3,Salón Apolo,Compumax Computer ,Campuslands,0,#N/A
306,327,KBM130091726,000000,966217823,Teclado-Bodg50-9048-900-0044 GMRESC R3,Salón Apolo,Compumax Computer ,Campuslands,0,#N/A
307,327,Sin serial ,000000,966217823,Mouse-Bodg50-9048-900-0044 GMRESC R3,Salón Apolo,Compumax Computer ,Campuslands,0,#N/A
308,327,400SN39219,000000,966217823,CPU-Bodg50-9048-900-0044 GMRESC R3,Salón Apolo,Compumax Computer ,Campuslands,0,#N/A
309,327,COM2024CM21070316,000000,966217823,Monitor-Bodg50-9048-900-0044 GMRESC R3,Salón Apolo,Compumax Computer ,Campuslands,0,#N/A
310,327,KBM130090725,000000,966217823,Teclado-Bodg50-9048-900-0044 GMRESC R3,Salón Apolo,Compumax Computer ,Campuslands,0,#N/A
311,327,Sin serial ,000000,966217823,Mouse-Bodg50-9048-900-0044 GMRESC R3,Salón Apolo,Compumax Computer ,Campuslands,0,#N/A
312,327,102SN55093,000000,966217823,CPU-Bodg50-9048-900-0044 GMRESC R3,Salón Apolo,Compumax Computer ,Campuslands,0,#N/A
313,327,COM2024CM21070153,000000,966217823,Monitor-Bodg50-9048-900-0044 GMRESC R3,Salón Apolo,Compumax Computer ,Campuslands,0,#N/A
314,327,KBM130090726,000000,966217823,Teclado-Bodg50-9048-900-0044 GMRESC R3,Salón Apolo,Compumax Computer ,Campuslands,0,#N/A
315,327,Sin serial ,000000,966217823,Mouse-Bodg50-9048-900-0044 GMRESC R3,Salón Apolo,Compumax Computer ,Campuslands,0,#N/A
316,327,400SN39210,000000,966217823,CPU-Bodg50-9048-900-0044 GMRESC R3,Salón Apolo,Compumax Computer ,Campuslands,0,#N/A
317,327,COM2024CM21070744,000000,966217823,Monitor-Bodg50-9048-900-0044 GMRESC R3,Salón Apolo,Compumax Computer ,Campuslands,0,#N/A
318,327,KBM130091752,000000,966217823,Teclado-Bodg50-9048-900-0044 GMRESC R3,Salón Apolo,Compumax Computer ,Campuslands,0,#N/A
319,327,Sin serial ,000000,966217823,Mouse-Bodg50-9048-900-0044 GMRESC R3,Salón Apolo,Compumax Computer ,Campuslands,0,#N/A
320,327,400SN39168,000000,966217823,CPU-Bodg50-9048-900-0044 GMRESC R3,Salón Apolo,Compumax Computer ,Campuslands,0,#N/A
321,327,COM2024CM21070830,000000,966217823,Monitor-Bodg50-9048-900-0044 GMRESC R3,Salón Apolo,Compumax Computer ,Campuslands,0,#N/A
322,327,KBM130090753,000000,966217823,Teclado-Bodg50-9048-900-0044 GMRESC R3,Salón Apolo,Compumax Computer ,Campuslands,0,#N/A
323,327,Sin serial ,000000,966217823,Mouse-Bodg50-9048-900-0044 GMRESC R3,Salón Apolo,Compumax Computer ,Campuslands,0,#N/A
324,327,400SN39191,000000,966217823,CPU-Bodg50-9048-900-0044 GMRESC R3,Salón Apolo,Compumax Computer ,Campuslands,0,#N/A
325,327,COM2024CM21070407,000000,966217823,Monitor-Bodg50-9048-900-0044 GMRESC R3,Salón Apolo,Compumax Computer ,Campuslands,0,#N/A
326,327,KBM130091753,000000,966217823,Teclado-Bodg50-9048-900-0044 GMRESC R3,Salón Apolo,Compumax Computer ,Campuslands,0,#N/A
327,327,Sin serial ,000000,966217823,Mouse-Bodg50-9048-900-0044 GMRESC R3,Salón Apolo,Compumax Computer ,Campuslands,0,#N/A
328,327,102SN55080,000000,966217823,CPU-Bodg50-9048-900-0044 GMRESC R3,Salón Artemis ,Compumax Computer ,Campuslands,0,#N/A
329,327,COM2024CM21070498,000000,966217823,Monitor-Bodg50-9048-900-0044 GMRESC R3,Salón Artemis ,Compumax Computer ,Campuslands,0,#N/A
330,327,KBM130090722,000000,966217823,Teclado-Bodg50-9048-900-0044 GMRESC R3,Salón Artemis ,Compumax Computer ,Campuslands,0,#N/A
331,327,Sin serial ,000000,966217823,Mouse-Bodg50-9048-900-0044 GMRESC R3,Salón Artemis ,Compumax Computer ,Campuslands,0,#N/A
332,327,400SN39221,000000,966217823,CPU-Bodg50-9048-900-0044 GMRESC R3,Salón Artemis ,Compumax Computer ,Campuslands,0,#N/A
333,327,COM2024CM21070464,000000,966217823,Monitor-Bodg50-9048-900-0044 GMRESC R3,Salón Artemis ,Compumax Computer ,Campuslands,0,#N/A
334,327,KBM130090723,000000,966217823,Teclado-Bodg50-9048-900-0044 GMRESC R3,Salón Artemis ,Compumax Computer ,Campuslands,0,#N/A
335,327,Sin serial ,000000,966217823,Mouse-Bodg50-9048-900-0044 GMRESC R3,Salón Artemis ,Compumax Computer ,Campuslands,0,#N/A
336,327,400SN39230,000000,966217823,CPU-Bodg50-9048-900-0044 GMRESC R3,Salón Artemis ,Compumax Computer ,Campuslands,0,#N/A
337,327,COM2024CM21070504,000000,966217823,Monitor-Bodg50-9048-900-0044 GMRESC R3,Salón Artemis ,Compumax Computer ,Campuslands,0,#N/A
338,327,KBM130091725,000000,966217823,Teclado-Bodg50-9048-900-0044 GMRESC R3,Salón Artemis ,Compumax Computer ,Campuslands,0,#N/A
339,327,Sin serial ,000000,966217823,Mouse-Bodg50-9048-900-0044 GMRESC R3,Salón Artemis ,Compumax Computer ,Campuslands,0,#N/A
340,327,102SN55089,000000,966217823,CPU-Bodg50-9048-900-0044 GMRESC R3,Salón Artemis ,Compumax Computer ,Campuslands,0,#N/A
341,327,COM2024CM21070338,000000,966217823,Monitor-Bodg50-9048-900-0044 GMRESC R3,Salón Artemis ,Compumax Computer ,Campuslands,0,#N/A
342,327,KBM130091737,000000,966217823,Teclado-Bodg50-9048-900-0044 GMRESC R3,Salón Artemis ,Compumax Computer ,Campuslands,0,#N/A
343,327,Sin serial ,000000,966217823,Mouse-Bodg50-9048-900-0044 GMRESC R3,Salón Artemis ,Compumax Computer ,Campuslands,0,#N/A
344,327,400SN39202,000000,966217823,CPU-Bodg50-9048-900-0044 GMRESC R3,Salón Artemis ,Compumax Computer ,Campuslands,0,#N/A
345,327,COM2024CM21070759,000000,966217823,Monitor-Bodg50-9048-900-0044 GMRESC R3,Salón Artemis ,Compumax Computer ,Campuslands,0,#N/A
346,327,KBM130091702,000000,966217823,Teclado-Bodg50-9048-900-0044 GMRESC R3,Salón Artemis ,Compumax Computer ,Campuslands,0,#N/A
347,327,Sin serial ,000000,966217823,Mouse-Bodg50-9048-900-0044 GMRESC R3,Salón Artemis ,Compumax Computer ,Campuslands,0,#N/A
348,327,102SN55088,000000,966217823,CPU-Bodg50-9048-900-0044 GMRESC R3,Salón Artemis ,Compumax Computer ,Campuslands,0,#N/A
349,327,COM2024CM21070817,000000,966217823,Monitor-Bodg50-9048-900-0044 GMRESC R3,Salón Artemis ,Compumax Computer ,Campuslands,0,#N/A
350,327,KBM130090737,000000,966217823,Teclado-Bodg50-9048-900-0044 GMRESC R3,Salón Artemis ,Compumax Computer ,Campuslands,0,#N/A
351,327,Sin serial ,000000,966217823,Mouse-Bodg50-9048-900-0044 GMRESC R3,Salón Artemis ,Compumax Computer ,Campuslands,0,#N/A
352,327,400SN39226,000000,966217823,CPU-Bodg50-9048-900-0044 GMRESC R3,Salón Artemis ,Compumax Computer ,Campuslands,0,#N/A
353,327,COM2024CM21070280,000000,966217823,Monitor-Bodg50-9048-900-0044 GMRESC R3,Salón Artemis ,Compumax Computer ,Campuslands,0,#N/A
354,327,KBM130090706,000000,966217823,Teclado-Bodg50-9048-900-0044 GMRESC R3,Salón Artemis ,Compumax Computer ,Campuslands,0,#N/A
355,327,Sin serial ,000000,966217823,Mouse-Bodg50-9048-900-0044 GMRESC R3,Salón Artemis ,Compumax Computer ,Campuslands,0,#N/A
356,327,400SN39235,000000,966217823,CPU-Bodg50-9048-900-0044 GMRESC R3,Salón Artemis ,Compumax Computer ,Campuslands,0,#N/A
357,327,COM2024CM21070668,000000,966217823,Monitor-Bodg50-9048-900-0044 GMRESC R3,Salón Artemis ,Compumax Computer ,Campuslands,0,#N/A
358,327,KBM130090707,000000,966217823,Teclado-Bodg50-9048-900-0044 GMRESC R3,Salón Artemis ,Compumax Computer ,Campuslands,0,#N/A
359,327,Sin serial ,000000,966217823,Mouse-Bodg50-9048-900-0044 GMRESC R3,Salón Artemis ,Compumax Computer ,Campuslands,0,#N/A
360,327,400SN39188,000000,966217823,CPU-Bodg50-9048-900-0044 GMRESC R3,Salón Artemis ,Compumax Computer ,Campuslands,0,#N/A
361,327,COM2024CM21070138,000000,966217823,Monitor-Bodg50-9048-900-0044 GMRESC R3,Salón Artemis ,Compumax Computer ,Campuslands,0,#N/A
362,327,KBM130091729,000000,966217823,Teclado-Bodg50-9048-900-0044 GMRESC R3,Salón Artemis ,Compumax Computer ,Campuslands,0,#N/A
363,327,Sin serial ,000000,966217823,Mouse-Bodg50-9048-900-0044 GMRESC R3,Salón Artemis ,Compumax Computer ,Campuslands,0,#N/A
364,327,400SN39209,000000,966217823,CPU-Bodg50-9048-900-0044 GMRESC R3,Salón Artemis ,Compumax Computer ,Campuslands,0,#N/A
365,327,COM2024CM21070451,000000,966217823,Monitor-Bodg50-9048-900-0044 GMRESC R3,Salón Artemis ,Compumax Computer ,Campuslands,0,#N/A
366,327,KBM130090730,000000,966217823,Teclado-Bodg50-9048-900-0044 GMRESC R3,Salón Artemis ,Compumax Computer ,Campuslands,0,#N/A
367,327,Sin serial ,000000,966217823,Mouse-Bodg50-9048-900-0044 GMRESC R3,Salón Artemis ,Compumax Computer ,Campuslands,0,#N/A
368,327,102SN55110,000000,966217823,CPU-Bodg50-9048-900-0044 GMRESC R3,Salón Artemis ,Compumax Computer ,Campuslands,0,#N/A
369,327,COM2024CM21070012,000000,966217823,Monitor-Bodg50-9048-900-0044 GMRESC R3,Salón Artemis ,Compumax Computer ,Campuslands,0,#N/A
370,327,KBM130091730,000000,966217823,Teclado-Bodg50-9048-900-0044 GMRESC R3,Salón Artemis ,Compumax Computer ,Campuslands,0,#N/A
371,327,Sin serial ,000000,966217823,Mouse-Bodg50-9048-900-0044 GMRESC R3,Salón Artemis ,Compumax Computer ,Campuslands,0,#N/A
372,327,102SN55109,000000,966217823,CPU-Bodg50-9048-900-0044 GMRESC R3,Salón Artemis ,Compumax Computer ,Campuslands,0,#N/A
373,327,COM2024CM21070786,000000,966217823,Monitor-Bodg50-9048-900-0044 GMRESC R3,Salón Artemis ,Compumax Computer ,Campuslands,0,#N/A
374,327,KBM130090296,000000,966217823,Teclado-Bodg50-9048-900-0044 GMRESC R3,Salón Artemis ,Compumax Computer ,Campuslands,0,#N/A
375,327,Sin serial ,000000,966217823,Mouse-Bodg50-9048-900-0044 GMRESC R3,Salón Artemis ,Compumax Computer ,Campuslands,0,#N/A
376,327,102SN55103,000000,966217823,CPU-Bodg50-9048-900-0044 GMRESC R3,Salón Artemis ,Compumax Computer ,Campuslands,0,#N/A
377,327,COM2024CM21070515,000000,966217823,Monitor-Bodg50-9048-900-0044 GMRESC R3,Salón Artemis ,Compumax Computer ,Campuslands,0,#N/A
378,327,KBM130090724,000000,966217823,Teclado-Bodg50-9048-900-0044 GMRESC R3,Salón Artemis ,Compumax Computer ,Campuslands,0,#N/A
379,327,Sin serial ,000000,966217823,Mouse-Bodg50-9048-900-0044 GMRESC R3,Salón Artemis ,Compumax Computer ,Campuslands,0,#N/A
380,327,400SN39222,000000,966217823,CPU-Bodg50-9048-900-0044 GMRESC R3,Salón Artemis ,Compumax Computer ,Campuslands,0,#N/A
381,327,COM2024CM21070386,000000,966217823,Monitor-Bodg50-9048-900-0044 GMRESC R3,Salón Artemis ,Compumax Computer ,Campuslands,0,#N/A
382,327,KBM130091724,000000,966217823,Teclado-Bodg50-9048-900-0044 GMRESC R3,Salón Artemis ,Compumax Computer ,Campuslands,0,#N/A
383,327,Sin serial ,000000,966217823,Mouse-Bodg50-9048-900-0044 GMRESC R3,Salón Artemis ,Compumax Computer ,Campuslands,0,#N/A
384,327,102SN55090,000000,966217823,CPU-Bodg50-9048-900-0044 GMRESC R3,Salón Artemis ,Compumax Computer ,Campuslands,0,#N/A
385,327,COM2024CM21070777,000000,966217823,Monitor-Bodg50-9048-900-0044 GMRESC R3,Salón Artemis ,Compumax Computer ,Campuslands,0,#N/A
386,327,KBM130091723,000000,966217823,Teclado-Bodg50-9048-900-0044 GMRESC R3,Salón Artemis ,Compumax Computer ,Campuslands,0,#N/A
387,327,Sin serial ,000000,966217823,Mouse-Bodg50-9048-900-0044 GMRESC R3,Salón Artemis ,Compumax Computer ,Campuslands,0,#N/A
388,327,102SN55076,000000,966217823,CPU-Bodg50-9048-900-0044 GMRESC R3,Salón Artemis ,Compumax Computer ,Campuslands,0,#N/A
389,327,COM2024CM21070025,000000,966217823,Monitor-Bodg50-9048-900-0044 GMRESC R3,Salón Artemis ,Compumax Computer ,Campuslands,0,#N/A
390,327,KBM130091720,000000,966217823,Teclado-Bodg50-9048-900-0044 GMRESC R3,Salón Artemis ,Compumax Computer ,Campuslands,0,#N/A
391,327,Sin serial ,000000,966217823,Mouse-Bodg50-9048-900-0044 GMRESC R3,Salón Artemis ,Compumax Computer ,Campuslands,0,#N/A
392,327,400SN39225,000000,966217823,CPU-Bodg50-9048-900-0044 GMRESC R3,Salón Artemis ,Compumax Computer ,Campuslands,0,#N/A
393,327,COM2024CM21070137,000000,966217823,Monitor-Bodg50-9048-900-0044 GMRESC R3,Salón Artemis ,Compumax Computer ,Campuslands,0,#N/A
394,327,KBM130090747,000000,966217823,Teclado-Bodg50-9048-900-0044 GMRESC R3,Salón Artemis ,Compumax Computer ,Campuslands,0,#N/A
395,327,Sin serial ,000000,966217823,Mouse-Bodg50-9048-900-0044 GMRESC R3,Salón Artemis ,Compumax Computer ,Campuslands,0,#N/A
396,327,102SN55094,000000,966217823,CPU-Bodg50-9048-900-0044 GMRESC R3,Salón Artemis ,Compumax Computer ,Campuslands,0,#N/A
397,327,COM2024CM21070565,000000,966217823,Monitor-Bodg50-9048-900-0044 GMRESC R3,Salón Artemis ,Compumax Computer ,Campuslands,0,#N/A
398,327,KBM130091736,000000,966217823,Teclado-Bodg50-9048-900-0044 GMRESC R3,Salón Artemis ,Compumax Computer ,Campuslands,0,#N/A
399,327,Sin serial ,000000,966217823,Mouse-Bodg50-9048-900-0044 GMRESC R3,Salón Artemis ,Compumax Computer ,Campuslands,0,#N/A
400,327,400SN39228,000000,966217823,CPU-Bodg50-9048-900-0044 GMRESC R3,Salón Artemis ,Compumax Computer ,Campuslands,0,#N/A
401,327,COM2024CM21070574,000000,966217823,Monitor-Bodg50-9048-900-0044 GMRESC R3,Salón Artemis ,Compumax Computer ,Campuslands,0,#N/A
402,327,KBM130090721,000000,966217823,Teclado-Bodg50-9048-900-0044 GMRESC R3,Salón Artemis ,Compumax Computer ,Campuslands,0,#N/A
403,327,Sin serial ,000000,966217823,Mouse-Bodg50-9048-900-0044 GMRESC R3,Salón Artemis ,Compumax Computer ,Campuslands,0,#N/A
404,327,400SN39205,000000,966217823,CPU-Bodg50-9048-900-0044 GMRESC R3,Salón Artemis ,Compumax Computer ,Campuslands,0,#N/A
405,327,COM2024CM21070092,000000,966217823,Monitor-Bodg50-9048-900-0044 GMRESC R3,Salón Artemis ,Compumax Computer ,Campuslands,0,#N/A
406,327,KBM130090720,000000,966217823,Teclado-Bodg50-9048-900-0044 GMRESC R3,Salón Artemis ,Compumax Computer ,Campuslands,0,#N/A
407,327,Sin serial ,000000,966217823,Mouse-Bodg50-9048-900-0044 GMRESC R3,Salón Artemis ,Compumax Computer ,Campuslands,0,#N/A
408,327,102SN55087,000000,966217823,CPU-Bodg50-9048-900-0044 GMRESC R3,Salón Artemis ,Compumax Computer ,Campuslands,0,#N/A
409,327,COM2024CM21070318,000000,966217823,Monitor-Bodg50-9048-900-0044 GMRESC R3,Salón Artemis ,Compumax Computer ,Campuslands,0,#N/A
410,327,KBM130091722,000000,966217823,Teclado-Bodg50-9048-900-0044 GMRESC R3,Salón Artemis ,Compumax Computer ,Campuslands,0,#N/A
411,327,Sin serial ,000000,966217823,Mouse-Bodg50-9048-900-0044 GMRESC R3,Salón Artemis ,Compumax Computer ,Campuslands,0,#N/A
412,327,400SN39177,000000,966217823,CPU-Bodg50-9048-900-0044 GMRESC R3,Salón Artemis ,Compumax Computer ,Campuslands,0,#N/A
413,327,COM2024CM21070834,000000,966217823,Monitor-Bodg50-9048-900-0044 GMRESC R3,Salón Artemis ,Compumax Computer ,Campuslands,0,#N/A
414,327,KBM130091721,000000,966217823,Teclado-Bodg50-9048-900-0044 GMRESC R3,Salón Artemis ,Compumax Computer ,Campuslands,0,#N/A
415,327,Sin serial ,000000,966217823,Mouse-Bodg50-9048-900-0044 GMRESC R3,Salón Artemis ,Compumax Computer ,Campuslands,0,#N/A
416,327,102SN55102,000000,966217823,CPU-Bodg50-9048-900-0044 GMRESC R3,Salón Artemis ,Compumax Computer ,Campuslands,0,#N/A
417,327,COM2024CM21070199,000000,966217823,Monitor-Bodg50-9048-900-0044 GMRESC R3,Salón Artemis ,Compumax Computer ,Campuslands,0,#N/A
418,327,KBM130090736,000000,966217823,Teclado-Bodg50-9048-900-0044 GMRESC R3,Salón Artemis ,Compumax Computer ,Campuslands,0,#N/A
419,327,Sin serial ,000000,966217823,Mouse-Bodg50-9048-900-0044 GMRESC R3,Salón Artemis ,Compumax Computer ,Campuslands,0,#N/A
420,327,400SN39234,000000,966217823,CPU-Bodg50-9048-900-0044 GMRESC R3,Salón Artemis ,Compumax Computer ,Campuslands,0,#N/A
421,327,COM2024CM21070503,000000,966217823,Monitor-Bodg50-9048-900-0044 GMRESC R3,Salón Artemis ,Compumax Computer ,Campuslands,0,#N/A
422,327,KBM130091738,000000,966217823,Teclado-Bodg50-9048-900-0044 GMRESC R3,Salón Artemis ,Compumax Computer ,Campuslands,0,#N/A
423,327,Sin serial ,000000,966217823,Mouse-Bodg50-9048-900-0044 GMRESC R3,Salón Artemis ,Compumax Computer ,Campuslands,0,#N/A
424,327,400SN39174,000000,966217823,CPU-Bodg50-9048-900-0044 GMRESC R3,Salón Artemis ,Compumax Computer ,Campuslands,0,#N/A
425,327,COM2024CM21070236,000000,966217823,Monitor-Bodg50-9048-900-0044 GMRESC R3,Salón Artemis ,Compumax Computer ,Campuslands,0,#N/A
426,327,KBM130090702,000000,966217823,Teclado-Bodg50-9048-900-0044 GMRESC R3,Salón Artemis ,Compumax Computer ,Campuslands,0,#N/A
427,327,Sin serial ,000000,966217823,Mouse-Bodg50-9048-900-0044 GMRESC R3,Salón Artemis ,Compumax Computer ,Campuslands,0,#N/A
428,327,102SN55095,000000,966217823,CPU-Bodg50-9048-900-0044 GMRESC R3,Salón Artemis ,Compumax Computer ,Campuslands,0,#N/A
429,327,COM2024CM21070097,000000,966217823,Monitor-Bodg50-9048-900-0044 GMRESC R3,Salón Artemis ,Compumax Computer ,Campuslands,0,#N/A
430,327,KBM130091745,000000,966217823,Teclado-Bodg50-9048-900-0044 GMRESC R3,Salón Artemis ,Compumax Computer ,Campuslands,0,#N/A
431,327,Sin serial ,000000,966217823,Mouse-Bodg50-9048-900-0044 GMRESC R3,Salón Artemis ,Compumax Computer ,Campuslands,0,#N/A
432,327,102SN55086,000000,966217823,CPU-Bodg50-9048-900-0044 GMRESC R3,Salón Artemis ,Compumax Computer ,Campuslands,0,#N/A
433,327,COM2024CM21070239,000000,966217823,Monitor-Bodg50-9048-900-0044 GMRESC R3,Salón Artemis ,Compumax Computer ,Campuslands,0,#N/A
434,327,KBM130090746,000000,966217823,Teclado-Bodg50-9048-900-0044 GMRESC R3,Salón Artemis ,Compumax Computer ,Campuslands,0,#N/A
435,327,Sin serial ,000000,966217823,Mouse-Bodg50-9048-900-0044 GMRESC R3,Salón Artemis ,Compumax Computer ,Campuslands,0,#N/A
436,327,400SN39172,000000,966217823,CPU-Bodg50-9048-900-0044 GMRESC R3,Salón Artemis ,Compumax Computer ,Campuslands,0,#N/A
437,327,COM2024CM21070442,000000,966217823,Monitor-Bodg50-9048-900-0044 GMRESC R3,Salón Artemis ,Compumax Computer ,Campuslands,0,#N/A
438,327,KBM130091746,000000,966217823,Teclado-Bodg50-9048-900-0044 GMRESC R3,Salón Artemis ,Compumax Computer ,Campuslands,0,#N/A
439,327,Sin serial ,000000,966217823,Mouse-Bodg50-9048-900-0044 GMRESC R3,Salón Artemis ,Compumax Computer ,Campuslands,0,#N/A
440,327,102SN55083,000000,966217823,CPU-Bodg50-9048-900-0044 GMRESC R3,Salón Artemis ,Compumax Computer ,Campuslands,0,#N/A
441,327,COM2024CM21070223,000000,966217823,Monitor-Bodg50-9048-900-0044 GMRESC R3,Salón Artemis ,Compumax Computer ,Campuslands,0,#N/A
442,327,KBM130091747,000000,966217823,Teclado-Bodg50-9048-900-0044 GMRESC R3,Salón Artemis ,Compumax Computer ,Campuslands,0,#N/A
443,327,Sin serial ,000000,966217823,Mouse-Bodg50-9048-900-0044 GMRESC R3,Salón Artemis ,Compumax Computer ,Campuslands,0,#N/A
444,327,400SN39215,000000,966217823,CPU-Bodg50-9048-900-0044 GMRESC R3,Salón Artemis ,Compumax Computer ,Campuslands,0,#N/A
445,327,COM2024CM21070482,000000,966217823,Monitor-Bodg50-9048-900-0044 GMRESC R3,Salón Artemis ,Compumax Computer ,Campuslands,0,#N/A
446,327,KBM130091744,000000,966217823,Teclado-Bodg50-9048-900-0044 GMRESC R3,Salón Artemis ,Compumax Computer ,Campuslands,0,#N/A
447,327,Sin serial ,000000,966217823,Mouse-Bodg50-9048-900-0044 GMRESC R3,Salón Artemis ,Compumax Computer ,Campuslands,0,#N/A
448,327,400SN39227,000000,966217823,CPU-Bodg50-9048-900-0044 GMRESC R3,Salón Artemis ,Compumax Computer ,Campuslands,0,#N/A
449,327,COM2024CM21070844,000000,966217823,Monitor-Bodg50-9048-900-0044 GMRESC R3,Salón Artemis ,Compumax Computer ,Campuslands,0,#N/A
450,327,KBM130090744,000000,966217823,Teclado-Bodg50-9048-900-0044 GMRESC R3,Salón Artemis ,Compumax Computer ,Campuslands,0,#N/A
451,327,Sin serial ,000000,966217823,Mouse-Bodg50-9048-900-0044 GMRESC R3,Salón Artemis ,Compumax Computer ,Campuslands,0,#N/A
452,327,400SN39169,000000,966217823,CPU-Bodg50-9048-900-0044 GMRESC R3,Salón Artemis ,Compumax Computer ,Campuslands,0,#N/A
453,327,COM2024CM21070418,000000,966217823,Monitor-Bodg50-9048-900-0044 GMRESC R3,Salón Artemis ,Compumax Computer ,Campuslands,0,#N/A
454,327,KBM130090752,000000,966217823,Teclado-Bodg50-9048-900-0044 GMRESC R3,Salón Artemis ,Compumax Computer ,Campuslands,0,#N/A
455,327,Sin serial ,000000,966217823,Mouse-Bodg50-9048-900-0044 GMRESC R3,Salón Artemis ,Compumax Computer ,Campuslands,0,#N/A
456,327,500SN32576,000000,966217823,CPU-Bodg50-4051 -900-0005R5,Salón Skylab,Compumax Computer ,Campuslands,0,#N/A
457,327,COM2024CM21070597,000000,966217823,Monitor-Bodg50-4051-900-0005R5,Salón Skylab,Compumax Computer ,Campuslands,0,#N/A
458,327,CK440U-10923,000000,966217823,Teclado-Bodg50-4051-900-0005R5,Salón Skylab,Compumax Computer ,Campuslands,0,#N/A
459,327,Sin serial ,000000,966217823,Mouse-Bodg50-4051-900-0005R5,Salón Skylab,Compumax Computer ,Campuslands,0,#N/A
460,327,500SN32598,000000,966217823,CPU-Bodg50-4051-900-0005R5,Salón Skylab,Compumax Computer ,Campuslands,0,#N/A
461,327,COM2024CM21070864,000000,966217823,Monitor-Bodg50-4051-900-0005R5,Salón Skylab,Compumax Computer ,Campuslands,0,#N/A
462,327,CK440U-10924,000000,966217823,Teclado-Bodg50-4051-900-0005R5,Salón Skylab,Compumax Computer ,Campuslands,0,#N/A
463,327,Sin serial ,000000,966217823,Mouse-Bodg50-4051-900-0005R5,Salón Skylab,Compumax Computer ,Campuslands,0,#N/A
464,327,500SN32557,000000,966217823,CPU-Bodg50-4051-900-0005R5,Salón Skylab,Compumax Computer ,Campuslands,0,#N/A
465,327,COM2024CM21070602,000000,966217823,Monitor-Bodg50-4051-900-0005R5,Salón Skylab,Compumax Computer ,Campuslands,0,#N/A
466,327,CK440U-10925,000000,966217823,Teclado-Bodg50-4051-900-0005R5,Salón Skylab,Compumax Computer ,Campuslands,0,#N/A
467,327,Sin serial ,000000,966217823,Mouse-Bodg50-4051-900-0005R5,Salón Skylab,Compumax Computer ,Campuslands,0,#N/A
468,327,500SN32564,000000,966217823,CPU-Bodg50-4051-900-0005R5,Salón Skylab,Compumax Computer ,Campuslands,0,#N/A
469,327,COM2024CM21070823,000000,966217823,Monitor-Bodg50-4051-900-0005R5,Salón Skylab,Compumax Computer ,Campuslands,0,#N/A
470,327,CK440U-10926,000000,966217823,Teclado-Bodg50-4051-900-0005R5,Salón Skylab,Compumax Computer ,Campuslands,0,#N/A
471,327,Sin serial ,000000,966217823,Mouse-Bodg50-4051-900-0005R5,Salón Skylab,Compumax Computer ,Campuslands,0,#N/A
472,327,500SN32556,000000,966217823,CPU-Bodg50-4051-900-0005R5,Salón Skylab,Compumax Computer ,Campuslands,0,#N/A
473,327,COM2024CM21070855,000000,966217823,Monitor-Bodg50-4051-900-0005R5,Salón Skylab,Compumax Computer ,Campuslands,0,#N/A
474,327,CK440U-10927,000000,966217823,Teclado-Bodg50-4051-900-0005R5,Salón Skylab,Compumax Computer ,Campuslands,0,#N/A
475,327,Sin serial ,000000,966217823,Mouse-Bodg50-4051-900-0005R5,Salón Skylab,Compumax Computer ,Campuslands,0,#N/A
476,327,500SN32571,000000,966217823,CPU-Bodg50-4051-900-0005R5,Salón Skylab,Compumax Computer ,Campuslands,0,#N/A
477,327,COM2024CM21070180,000000,966217823,Monitor-Bodg50-4051-900-0005R5,Salón Skylab,Compumax Computer ,Campuslands,0,#N/A
478,327,CK440U-10936,000000,966217823,Teclado-Bodg50-4051-900-0005R5,Salón Skylab,Compumax Computer ,Campuslands,0,#N/A
479,327,Sin serial ,000000,966217823,Mouse-Bodg50-4051-900-0005R5,Salón Skylab,Compumax Computer ,Campuslands,0,#N/A
480,327,500SN32591,000000,966217823,CPU-Bodg50-4051-900-0005R5,Salón Skylab,Compumax Computer ,Campuslands,0,#N/A
481,327,COM2024CM21070122,000000,966217823,Monitor-Bodg50-4051-900-0005R5,Salón Skylab,Compumax Computer ,Campuslands,0,#N/A
482,327,CK440U-10937,000000,966217823,Teclado-Bodg50-4051-900-0005R5,Salón Skylab,Compumax Computer ,Campuslands,0,#N/A
483,327,Sin serial ,000000,966217823,Mouse-Bodg50-4051-900-0005R5,Salón Skylab,Compumax Computer ,Campuslands,0,#N/A
484,327,500SN32584,000000,966217823,CPU-Bodg50-4051-900-0005R5,Salón Skylab,Compumax Computer ,Campuslands,0,#N/A
485,327,COM2024CM21070784,000000,966217823,Monitor-Bodg50-4051-900-0005R5,Salón Skylab,Compumax Computer ,Campuslands,0,#N/A
486,327,CK440U-10935,000000,966217823,Teclado-Bodg50-4051-900-0005R5,Salón Skylab,Compumax Computer ,Campuslands,0,#N/A
487,327,Sin serial ,000000,966217823,Mouse-Bodg50-4051 -900-0005R5,Salón Skylab,Compumax Computer ,Campuslands,0,#N/A
488,327,500SN32627,000000,966217823,CPU-Bodg50-4051-900-0005R5,Salón Skylab,Compumax Computer ,Campuslands,0,#N/A
489,327,COM2024CM21070095,000000,966217823,Monitor - Bodg50 - 4051 -900 - 0005R5,Salón Skylab,Compumax Computer ,Campuslands,0,#N/A
490,327,CK440U-10974,000000,966217823,Teclado - Bodg50 - 4051 -900 - 0005R5,Salón Skylab,Compumax Computer ,Campuslands,0,#N/A
491,327,Sin serial ,000000,966217823,Mouse - Bodg50 - 4051 -900 -0005R5,Salón Skylab,Compumax Computer ,Campuslands,0,#N/A
492,327,500SN32621,000000,966217823,CPU - Bodg50 - 4051 -900 - 0005R5,Salón Skylab,Compumax Computer ,Campuslands,0,#N/A
493,327,COM2024CM21070221,000000,966217823,Monitor - Bodg50 - 4051 -900 - 0005R5,Salón Skylab,Compumax Computer ,Campuslands,0,#N/A
494,327,CK440U-10932,000000,966217823,Teclado - Bodg50 - 4051 -900 - 0005R5,Salón Skylab,Compumax Computer ,Campuslands,0,#N/A
495,327,Sin serial ,000000,966217823,Mouse - Bodg50 - 4051 -900 - 0005R5,Salón Skylab,Compumax Computer ,Campuslands,0,#N/A
496,327,500SN32588,000000,966217823,CPU - Bodg50 - 4051 -900 - 0005R5,Salón Skylab,Compumax Computer ,Campuslands,0,#N/A
497,327,COM2024CM21070836,000000,966217823,Monitor - Bodg50 - 4051 -900 - 0005R5,Salón Skylab,Compumax Computer ,Campuslands,0,#N/A
498,327,CK440U-10934,000000,966217823,Teclado - Bodg50 - 4051 -900 - 0005R5,Salón Skylab,Compumax Computer ,Campuslands,0,#N/A
499,327,Sin serial ,000000,966217823,Mouse - Bodg50 - 4051 -900 - 0005R5,Salón Skylab,Compumax Computer ,Campuslands,0,#N/A
500,327,500SN32626,000000,966217823,CPU - Bodg50 - 4051 -900 - 0005R5,Salón Skylab,Compumax Computer ,Campuslands,0,#N/A
501,327,COM2024CM21070776,000000,966217823,Monitor - Bodg50 - 4051 -900 - 0005R5,Salón Skylab,Compumax Computer ,Campuslands,0,#N/A
502,327,CK440U-10933,000000,966217823,Teclado - Bodg50 - 4051 -900 - 0005R5,Salón Skylab,Compumax Computer ,Campuslands,0,#N/A
503,327,Sin serial ,000000,966217823,Mouse - Bodg50 - 4051 -900 - 0005R5,Salón Skylab,Compumax Computer ,Campuslands,0,#N/A
504,327,500SN32596,000000,966217823,CPU - Bodg50 - 4051 -900 - 0005R5,Salón Skylab,Compumax Computer ,Campuslands,0,#N/A
505,327,COM2024CM21070605,000000,966217823,Monitor - Bodg50 - 4051 -900 - 0005R5,Salón Skylab,Compumax Computer ,Campuslands,0,#N/A
506,327,CK440U-10928,000000,966217823,Teclado - Bodg50 - 4051 -900 - 0005R5,Salón Skylab,Compumax Computer ,Campuslands,0,#N/A
507,327,Sin serial ,000000,966217823,Mouse - Bodg50 - 4051 -900 - 0005R5,Salón Skylab,Compumax Computer ,Campuslands,0,#N/A
508,327,500SN32567,000000,966217823,CPU - Bodg50 - 4051 -900 - 0005R5,Salón Skylab,Compumax Computer ,Campuslands,0,#N/A
509,327,COM2024CM21070511,000000,966217823,Monitor - Bodg50 - 4051 -900 - 0005R5,Salón Skylab,Compumax Computer ,Campuslands,0,#N/A
510,327,CK440U-11024,000000,966217823,Teclado - Bodg50 - 4051 -900 - 0005R5,Salón Skylab,Compumax Computer ,Campuslands,0,#N/A
511,327,Sin serial ,000000,966217823,Mouse - Bodg50 - 4051 -900 - 0005R5,Salón Skylab,Compumax Computer ,Campuslands,0,#N/A
512,327,500SN32585,000000,966217823,CPU - Bodg50 - 4051 -900 - 0005R5,Salón Skylab,Compumax Computer ,Campuslands,0,#N/A
513,327,COM2024CM21070408,000000,966217823,Monitor - Bodg50 - 4051 -900 - 0005R5,Salón Skylab,Compumax Computer ,Campuslands,0,#N/A
514,327,CK440U-10931,000000,966217823,Teclado - Bodg50 - 4051 -900 - 0005R5,Salón Skylab,Compumax Computer ,Campuslands,0,#N/A
515,327,Sin serial ,000000,966217823,Mouse - Bodg50 - 4051 -900 - 0005R5,Salón Skylab,Compumax Computer ,Campuslands,0,#N/A
516,327,500SN32572,000000,966217823,CPU - Bodg50 - 4051 -900 - 0005R5,Salón Skylab,Compumax Computer ,Campuslands,0,#N/A
517,327,COM2024CM21070209,000000,966217823,Monitor - Bodg50 - 4051 -900 - 0005R5,Salón Skylab,Compumax Computer ,Campuslands,0,#N/A
518,327,CK440U-11023,000000,966217823,Teclado - Bodg50 - 4051 -900 - 0005R5,Salón Skylab,Compumax Computer ,Campuslands,0,#N/A
519,327,Sin serial ,000000,966217823,Mouse - Bodg50 - 4051 -900 - 0005R5,Salón Skylab,Compumax Computer ,Campuslands,0,#N/A
520,327,500SN32599,000000,966217823,CPU - Bodg50 - 4051 -900 - 0005R5,Salón Skylab,Compumax Computer ,Campuslands,0,#N/A
521,327,COM2024CM21070285,000000,966217823,Monitor - Bodg50 - 4051 -900 - 0005R5,Salón Skylab,Compumax Computer ,Campuslands,0,#N/A
522,327,CK440U-11026,000000,966217823,Teclado - Bodg50 - 4051 -900 - 0005R5,Salón Skylab,Compumax Computer ,Campuslands,0,#N/A
523,327,Sin serial ,000000,966217823,Mouse - Bodg50 - 4051 -900 - 0005R5,Salón Skylab,Compumax Computer ,Campuslands,0,#N/A
524,327,500SN32581,000000,966217823,CPU - Bodg50 - 4051 -900 - 0005R5,Salón Skylab,Compumax Computer ,Campuslands,0,#N/A
525,327,COM2024CM21070086,000000,966217823,Monitor - Bodg50 - 4051 -900 - 0005R5,Salón Skylab,Compumax Computer ,Campuslands,0,#N/A
526,327,CK440U-11025,000000,966217823,Teclado - Bodg50 - 4051 -900 - 0005R5,Salón Skylab,Compumax Computer ,Campuslands,0,#N/A
527,327,Sin serial ,000000,966217823,Mouse - Bodg50 - 4051 -900 - 0005R5,Salón Skylab,Compumax Computer ,Campuslands,0,#N/A
528,327,500SN32619,000000,966217823,CPU - Bodg50 - 4051 -900 - 0005R5,Salón Skylab,Compumax Computer ,Campuslands,0,#N/A
529,327,COM2024CM21070669,000000,966217823,Monitor - Bodg50 - 4051 -900 - 0005R5,Salón Skylab,Compumax Computer ,Campuslands,0,#N/A
530,327,CK440U-10930,000000,966217823,Teclado - Bodg50 - 4051 -900 - 0005R5,Salón Skylab,Compumax Computer ,Campuslands,0,#N/A
531,327,Sin serial ,000000,966217823,Mouse - Bodg50 - 4051 -900 - 0005R5,Salón Skylab,Compumax Computer ,Campuslands,0,#N/A
532,327,500SN32575,000000,966217823,CPU - Bodg50 - 4051 -900 - 0005R5,Salón Skylab,Compumax Computer ,Campuslands,0,#N/A
533,327,COM2024CM21070692,000000,966217823,Monitor - Bodg50 - 4051 -900 - 0005R5,Salón Skylab,Compumax Computer ,Campuslands,0,#N/A
534,327,CK440U-10929,000000,966217823,Teclado - Bodg50 - 4051 -900 - 0005R5,Salón Skylab,Compumax Computer ,Campuslands,0,#N/A
535,327,Sin serial ,000000,966217823,Mouse - Bodg50 - 4051 -900 - 0005R5,Salón Skylab,Compumax Computer ,Campuslands,0,#N/A
536,327,500SN32595,000000,966217823,CPU - Bodg50 - 4051 -900 - 0005R5,Sala asesoria,Compumax Computer ,Campuslands,0,#N/A
537,327,COM2024CM21070057,000000,966217823,Monitor - Bodg50 - 4051 -900 - 0005R5,Sala asesoria,Compumax Computer ,Campuslands,0,#N/A
538,327,CK440U-10760,000000,966217823,Teclado - Bodg50 - 4051 -900 - 0005R5,Sala asesoria,Compumax Computer ,Campuslands,0,#N/A
539,327,Sin serial ,000000,966217823,Mouse - Bodg50 - 4051 -900 - 0005R5,Sala asesoria,Compumax Computer ,Campuslands,0,#N/A
540,327,500SN32604,000000,966217823,CPU - Bodg50 - 4051 -900 - 0005R5,Sala asesoria,Compumax Computer ,Campuslands,0,#N/A
541,327,COM2024CM21070575,000000,966217823,Monitor - Bodg50 - 4051 -900 - 0005R5,Sala asesoria,Compumax Computer ,Campuslands,0,#N/A
542,327,CK440U-10656,000000,966217823,Teclado - Bodg50 - 4051 -900 - 0005R5,Sala asesoria,Compumax Computer ,Campuslands,0,#N/A